번호,학수번호-분반,강좌명,대상학년,교수명,학점,이수구분,특이사항,전공2,전공1,학수번호,트랙,연중,교양,필수,온라인,요일1,요일2,장소,시간1,시간2,수강
1,AMTH3003-00,미분기하학,3,한창용,3,4,,1,0,AMTH3003,,0,0,1,0,2,4,2,2,0,0
3,AMTH2010-00,해석학1,2,박준표,3,4,,1,0,AMTH2010,,0,0,1,0,1,3,2,1,0,0
4,AMTH3013-00,현대대수학I,3,김정산,3,4,,1,0,AMTH3013,,0,0,1,0,2,4,2,4,0,0
5,AMTH3023-00,독립심화학습1(응용수학과),3,박준표,3,5,,1,0,AMTH3023,,0,0,0,0,3,0,2,7,8,0
6,AMTH3029-00,복소함수및응용,3,박준표,3,5,,1,0,AMTH3029,,0,0,0,0,1,3,2,2,0,0
7,AMTH2004-00,수리프로그래밍,2,김혜현,3,5,,1,0,AMTH2004,수치해석,0,0,0,0,2,4,2,4,0,0
8,AMTH2004-01,수리프로그래밍,2,김혜현,3,5,,1,0,AMTH2004,수치해석,0,0,0,0,2,4,2,5,0,0
9,AMTH3027-00,수치선형대수,3,김경수,3,5,,1,0,AMTH3027,수치해석,0,0,0,0,2,4,2,3,0,0
10,AMTH1010-00,응용선형대수특강,2,최선호,3,5,,1,0,AMTH1010,금융 및 보험,0,0,0,0,1,3,2,2,0,1
11,AMTH3022-00,응용수학 캡스톤디자인 2,3,김경수,3,5,강의일시 변동 가능,1,0,AMTH3022,,0,0,0,0,2,4,2,1,0,0
12,AMTH2015-00,이산수학,2,김경수,3,5,,1,0,AMTH2015,정보보호,0,0,0,0,2,4,2,2,0,0
13,AMTH4018-00,최적화이론,4,김정호,3,5,,1,0,AMTH4018,,0,0,0,0,1,3,2,1,0,0
14,AMTH2014-00,컴퓨터지원기하학적설계,2,한창용,3,5,원격수업(중간/기말 대면시험),1,0,AMTH2014,수치해석,0,0,0,0,2,4,2,6,0,0
15,AMTH3028-00,편미분방정식,4,김정호,3,5,,1,0,AMTH3028,수치해석,0,0,0,0,1,3,2,2,0,0
16,EDU3336-G00,교과교수법(수학),4,이경희,3,20,,1,0,EDU3336,,0,0,0,0,5,0,2,3,4,0
17,EDU3137-G00,교과교육론(수학),3,이경희,3,20,,1,0,EDU3137,,0,0,0,0,5,0,2,5,6,0
1,AMTH1009-00,미분적분학,1,최선호,3,11,응용수학과 신입생 우선배정강좌,1,0,AMTH1009,,0,0,1,0,1,3,2,4,0,1
2,AMTH1009-01,미분적분학,1,최선호,3,11,,1,0,AMTH1009,,0,0,1,0,1,3,2,5,0,1
3,AMTH1009-02,미분적분학,1,김관혁,3,11,우주과학과 신입생 우선배정강좌,1,0,AMTH1009,,0,0,1,0,1,3,2,4,0,1
4,AMTH1009-03,미분적분학,1,김병학,3,11,,1,0,AMTH1009,,0,0,1,0,2,4,2,2,0,1
5,AMTH1009-04,미분적분학,1,김병학,3,11,,1,0,AMTH1009,,0,0,1,0,2,4,2,4,0,1
6,AMTH1009-05,미분적분학,1,김수현,3,11,,1,0,AMTH1009,,0,0,1,0,5,0,2,1,2,1
7,AMTH1009-06,미분적분학,1,김수현,3,11,,1,0,AMTH1009,,0,0,1,0,5,0,2,4,5,1
8,AMTH1009-07,미분적분학,1,김원주,3,11,,1,0,AMTH1009,,0,0,1,0,2,4,1,3,0,1
9,AMTH1009-08,미분적분학,1,김원주,3,11,응용화학과 신입생 우선배정강좌,1,0,AMTH1009,,0,0,1,0,2,4,1,4,0,1
10,AMTH1009-09,미분적분학,1,김정산,3,11,,1,0,AMTH1009,,0,0,1,0,2,4,2,2,0,1
11,AMTH1009-10,미분적분학,1,나광수,3,11,,1,0,AMTH1009,,0,0,1,0,2,4,1,1,0,1
12,AMTH1009-11,미분적분학,1,나광수,3,11,,1,0,AMTH1009,,0,0,1,0,2,4,1,2,0,1
13,AMTH1009-12,미분적분학,1,남윤,3,11,,1,0,AMTH1009,,0,0,1,0,1,3,2,3,0,1
14,AMTH1009-13,미분적분학,1,남윤,3,11,응용물리학과 신입생 우선배정강좌,1,0,AMTH1009,,0,0,1,0,1,3,2,4,0,1
15,AMTH1009-14,미분적분학,1,박정주,3,11,,1,0,AMTH1009,,0,0,1,0,2,4,2,5,0,1
16,AMTH1009-15,미분적분학,1,박정주,3,11,,1,0,AMTH1009,,0,0,1,0,2,4,2,6,0,1
17,AMTH1009-16,미분적분학,1,박정준,3,11,응용화학과 신입생 우선배정강좌,1,0,AMTH1009,,0,0,1,0,1,3,1,1,0,1
18,AMTH1009-17,미분적분학,1,박정준,3,11,,1,0,AMTH1009,,0,0,1,0,1,3,1,2,0,1
19,AMTH1009-18,미분적분학,1,손수진,3,11,,1,0,AMTH1009,,0,0,1,0,5,0,1,1,2,1
20,AMTH1009-19,미분적분학,1,손수진,3,11,,1,0,AMTH1009,,0,0,1,0,5,0,1,3,4,1
21,AMTH1009-20,미분적분학,1,신혜선,3,11,,1,0,AMTH1009,,0,0,1,0,5,0,2,2,3,1
22,AMTH1009-21,미분적분학,1,신혜선,3,11,,1,0,AMTH1009,,0,0,1,0,5,0,2,4,5,1
23,AMTH1009-22,미분적분학,1,차준심,3,11,,1,0,AMTH1009,,0,0,1,0,5,0,2,1,2,1
24,AMTH1009-23,미분적분학,1,차준심,3,11,,1,0,AMTH1009,,0,0,1,0,5,0,2,4,5,1
25,AMTH1009-24,미분적분학,1,최용빈,3,11,,1,0,AMTH1009,,0,0,1,0,1,3,2,5,0,1
26,AMTH1009-25,미분적분학,1,최용빈,3,11,,1,0,AMTH1009,,0,0,1,0,1,3,2,6,0,1
27,AMTH1009-26,미분적분학,1,최진혁,3,11,응용화학과 신입생 우선배정강좌,1,0,AMTH1009,,0,0,1,0,1,3,1,1,0,1
28,AMTH1009-27,미분적분학,1,최진혁,3,11,,1,0,AMTH1009,,0,0,1,0,1,3,1,2,0,1
29,AMTH1009-28,미분적분학,1,한창용,3,11,,1,0,AMTH1009,,0,0,1,0,2,4,2,1,0,1
30,AMTH1009-29,미분적분학,1,나광수,3,11,,1,0,AMTH1009,,0,0,1,0,1,3,2,6,0,1
31,AMTH1009-30,미분적분학,1,남궁윤미,3,11,,1,0,AMTH1009,,0,0,1,0,2,4,2,5,0,1
32,AMTH1009-31,미분적분학,1,박정준,3,11,,1,0,AMTH1009,,0,0,1,0,1,3,1,3,0,1
33,AMTH1009-32,미분적분학,1,손수진,3,11,,1,0,AMTH1009,,0,0,1,0,1,3,1,1,0,1
34,AMTH1009-33,미분적분학,1,최용빈,3,11,,1,0,AMTH1009,,0,0,1,0,5,0,1,5,6,1
35,AMTH1004-00,선형대수,1,박준표,3,11,응용수학과 신입생 우선배정강좌,1,0,AMTH1004,,0,0,1,0,1,3,2,3,0,1
36,AMTH1004-01,선형대수,1,김현수,3,11,,1,0,AMTH1004,,0,0,1,0,1,3,2,3,0,1
37,AMTH1004-02,선형대수,1,김현수,3,11,,1,0,AMTH1004,,0,0,1,0,1,3,2,4,0,1
38,AMTH1004-03,선형대수,1,남궁윤미,3,11,,1,0,AMTH1004,,0,0,1,0,2,4,2,3,0,1
39,AMTH1004-04,선형대수,1,남궁윤미,3,11,,1,0,AMTH1004,,0,0,1,0,2,4,2,4,0,1
40,AMTH1004-05,선형대수,1,박명진,3,11,,1,0,AMTH1004,,0,0,1,0,1,3,1,4,0,1
41,AMTH1004-06,선형대수,1,박지연,3,11,,1,0,AMTH1004,,0,0,1,0,5,0,2,1,2,1
42,AMTH1004-07,선형대수,1,박지연,3,11,,1,0,AMTH1004,,0,0,1,0,5,0,2,4,5,1
43,AMTH1004-08,선형대수,1,배재형,3,11,,1,0,AMTH1004,,0,0,1,0,2,4,1,1,0,1
44,AMTH1004-09,선형대수,1,이진,3,11,우주과학과 신입생 우선배정강좌,1,0,AMTH1004,,0,0,1,0,2,4,1,4,0,1
45,AMTH1004-10,선형대수,1,이진,3,11,,1,0,AMTH1004,,0,0,1,0,2,4,1,5,0,1
46,AMTH1004-11,선형대수,1,김현수,3,11,,1,0,AMTH1004,,0,0,1,0,1,3,2,1,0,1
2,IS2508-00,Major Issues in International Studies,2,정하용,3,4,2학년 일괄배정 Class designation for Sophomores,0,1,IS2508,,0,0,1,0,1,3,2,4,0,1
3,IS2508-01,Major Issues in International Studies,2,임규택,3,4,2학년 일괄배정 Class designation for Sophomores,0,1,IS2508,,0,0,1,0,1,3,2,5,0,1
4,IS2204-00,Statistics for Social Science,2,성레나,3,4,1학년 2학기 또는 2학년 학생 반드시 수강신청 / Freshmen(2nd Semester) or Sophomore Students Must Register for Courses,0,1,IS2204,국제경제,0,0,1,0,1,3,2,5,0,1
5,IS2204-01,Statistics for Social Science,2,성레나,3,4,1학년 2학기 또는 2학년 학생 반드시 수강신청 / Freshmen(2nd Semester) or Sophomore Students Must Register for Courses,0,1,IS2204,국제경제,0,0,1,0,1,3,2,6,0,1
6,IS2204-02,Statistics for Social Science,2,홍원택,3,4,1학년 2학기 또는 2학년 학생 반드시 수강신청 / Freshmen(2nd Semester) or Sophomore Students Must Register for Courses,0,1,IS2204,국제경제,0,0,1,0,3,5,2,2,0,1
7,IS1011-00,Advanced English for International Contexts,1,Sharon Morrison,3,5,,0,1,IS1011,,0,0,0,0,2,4,2,2,0,0
8,IS3301-00,Advertising,3,서지영,3,5,,0,1,IS3301,글로벌비즈니스,0,0,0,0,1,0,2,2,3,0
9,IS3401-00,American Politics and Economy,3,정하용,3,5,,0,1,IS3401,동아시아지역학,0,0,0,0,1,3,2,2,0,0
10,IS2301-00,Business Finance,2,이젬마,3,5,,0,1,IS2301,글로벌비즈니스,0,0,0,0,1,3,2,2,0,0
11,IS3536-00,Climate Changes and ESG Management,3,오형나,3,5,ESG Magagement Microdegree subject,0,1,IS3536,,0,0,0,0,2,4,2,6,0,0
12,IS2001-00,Comparative Area Studies,2,여유경,3,5,,0,1,IS2001,동아시아지역학,0,0,0,0,1,3,2,4,0,0
12,IS2001-00,Comparative Area Studies,2,여유경,3,5,,0,1,IS2001,국제개발협력,0,0,0,0,1,3,2,4,0,0
13,IS3306-00,Corporate Finance,3,이젬마,3,5,,0,1,IS3306,글로벌비즈니스,0,0,0,0,1,3,2,4,0,1
14,IS3103-00,Culture and International Relations,3,양준희,3,5,,0,1,IS3103,국제관계,0,0,0,0,2,4,2,5,0,0
14,IS3103-00,Culture and International Relations,3,양준희,3,5,,0,1,IS3103,국제개발협력,0,0,0,0,2,4,2,5,0,0
15,IS2402-00,East Asian International Relations,2,여유경,3,5,,0,1,IS2402,동아시아지역학,0,0,0,0,1,3,2,5,0,0
16,IS4201-00,Econometrics,3,오형나,3,5,,0,1,IS4201,국제경제,0,0,0,0,2,4,2,2,0,1
17,IS3530-00,Economics of Poverty,3,노윤재,3,5,,0,1,IS3530,국제개발협력,0,0,0,0,5,0,2,3,4,0
18,IS2503-00,Global Data Analysis for Economics and Business,2,안지연,3,5,,0,1,IS2503,국제경제,0,0,0,0,2,4,2,5,0,1
18,IS2503-00,Global Data Analysis for Economics and Business,2,안지연,3,5,,0,1,IS2503,국제개발협력,0,0,0,0,2,4,2,5,0,1
19,IS2101-00,History of International Relations,2,우승지,3,5,,0,1,IS2101,국제관계,0,0,0,0,2,4,2,6,0,0
20,IS3520-00,Independent Learning & Research (International Studies),3,현혜정,3,5,사전 승인 학생만 신청 가능 / Only pre-approved students are eligible to apply,0,1,IS3520,,0,0,0,0,1,0,2,7,8,0
21,IS3520-01,Independent Learning & Research (International Studies),3,주효연,3,5,사전 승인 학생만 신청 가능 / Only pre-approved students are eligible to apply,0,1,IS3520,,0,0,0,0,1,0,2,7,8,0
22,IS3520-02,Independent Learning & Research (International Studies),3,안지연,3,5,사전 승인 학생만 신청 가능 / Only pre-approved students are eligible to apply,0,1,IS3520,,0,0,0,0,1,0,2,7,8,0
23,IS3520-03,Independent Learning & Research (International Studies),3,김선일,3,5,사전 승인 학생만 신청 가능 / Only pre-approved students are eligible to apply,0,1,IS3520,,0,0,0,0,1,0,2,7,8,0
24,IS3520-04,Independent Learning & Research (International Studies),3,성레나,3,5,사전 승인 학생만 신청 가능 / Only pre-approved students are eligible to apply,0,1,IS3520,,0,0,0,0,1,0,2,7,8,0
25,IS3520-05,Independent Learning & Research (International Studies),3,이젬마,3,5,사전 승인 학생만 신청 가능 / Only pre-approved students are eligible to apply,0,1,IS3520,,0,0,0,0,6,0,2,0,0,0
26,IS1010-00,Intermediate English for International Contexts,1,Sharon Morrison,3,5,,0,1,IS1010,,0,0,0,0,2,4,2,4,0,0
27,IS1010-01,Intermediate English for International Contexts,1,Sharon Morrison,3,5,,0,1,IS1010,,0,0,0,0,2,4,2,5,0,0
28,IS2002-00,International Business,2,김준엽,3,5,,0,1,IS2002,글로벌비즈니스,0,0,0,0,2,4,2,2,0,0
29,IS2002-01,International Business,2,김준엽,3,5,,0,1,IS2002,글로벌비즈니스,0,0,0,0,2,4,2,5,0,0
30,IS4102-00,International Conflict and Resolution,3,Ioannis Tellidis,3,5,,0,1,IS4102,국제관계,0,0,0,0,1,3,2,5,0,0
31,IS3001-00,International Finance,2,양두용,3,5,,0,1,IS3001,국제경제,0,0,0,0,1,3,2,4,0,1
31,IS3001-00,International Finance,2,양두용,3,5,,0,1,IS3001,국제개발협력,0,0,0,0,1,3,2,4,0,1
32,IS3001-01,International Finance,2,전종규,3,5,,0,1,IS3001,국제경제,0,0,0,0,2,4,2,5,0,1
32,IS3001-01,International Finance,2,전종규,3,5,,0,1,IS3001,국제개발협력,0,0,0,0,2,4,2,5,0,1
33,IS3105-00,International Negotiations,3,문돈,3,5,,0,1,IS3105,국제관계,0,0,0,0,1,3,2,4,0,0
33,IS3105-00,International Negotiations,3,문돈,3,5,,0,1,IS3105,국제개발협력,0,0,0,0,1,3,2,4,0,0
34,IS2102-00,International Organizations,2,문돈,3,5,,0,1,IS2102,국제관계,0,0,0,0,1,3,2,2,0,0
34,IS2102-00,International Organizations,2,문돈,3,5,,0,1,IS2102,국제개발협력,0,0,0,0,1,3,2,2,0,0
35,IS2003-00,International Political Economy,2,문돈,3,5,,0,1,IS2003,국제관계,0,0,0,0,1,3,2,6,0,0
36,IS2004-00,International Security,3,박한규,3,5,,0,1,IS2004,국제관계,0,0,0,0,1,3,2,2,0,0
37,IS3106-00,International Terrorism,3,Ioannis Tellidis,3,5,,0,1,IS3106,국제관계,0,0,0,0,1,3,2,3,0,0
38,IS3002-00,International Trade,2,이창수,3,5,,0,1,IS3002,국제경제,0,0,0,0,2,4,2,3,0,1
39,IS4404-00,Korean Foreign Policy,3,박한규,3,5,Required course for HSE Korean track students,0,1,IS4404,동아시아지역학,0,0,0,0,1,3,2,4,0,0
40,IS4404-01,Korean Foreign Policy,3,강혁민,3,5,Required course for HSE Korean track students,0,1,IS4404,동아시아지역학,0,0,0,0,1,3,2,4,0,0
41,IS2505-00,Korean Politics and Economy,2,정연경,3,5,Required course for HSE Korean track students,0,1,IS2505,동아시아지역학,0,0,0,0,2,4,2,3,0,0
42,IS2505-01,Korean Politics and Economy,2,정연경,3,5,Required course for HSE Korean track students,0,1,IS2505,동아시아지역학,0,0,0,0,2,4,2,4,0,0
43,IS2202-00,Macroeconomics,2,전종규,3,5,,0,1,IS2202,국제경제,0,0,0,0,2,4,2,4,0,1
44,IS2522-00,Management Information Systems,2,홍원택,3,5,,0,1,IS2522,글로벌비즈니스,0,0,0,0,3,5,2,6,0,0
45,IS2203-00,Mathematics for Economics and Business,2,양두용,3,5,,0,1,IS2203,국제경제,0,0,0,0,1,3,2,2,0,1
46,IS2201-00,Microeconomics,2,현혜정,3,5,,0,1,IS2201,국제경제,0,0,0,0,2,4,2,2,0,1
47,IS3406-00,North Korea and Inter-Korean Relations,3,우승지,3,5,Required course for HSE Korean track students,0,1,IS3406,동아시아지역학,0,0,0,0,2,4,2,4,0,0
48,IS3406-01,North Korea and Inter-Korean Relations,3,강혁민,3,5,Required course for HSE Korean track students,0,1,IS3406,동아시아지역학,0,0,0,0,1,3,2,5,0,0
49,IS2303-00,Principles of Accounting,2,김근수,3,5,,0,1,IS2303,글로벌비즈니스,0,0,0,0,2,4,2,2,0,0
50,IS3408-00,State and Society in East Asia,3,김선일,3,5,GSP(Graduate) Integrated Classes,0,1,IS3408,동아시아지역학,0,0,0,0,5,0,2,1,2,0
51,IS3505-00,Topics in East Asian Studies I (H),3,백종완,3,5,GSP(Graduate) Integrated Classes / Not allowed for exchange students,0,1,IS3505,동아시아지역학,0,0,0,0,3,0,2,2,3,0
52,IS3529-00,Topics in International Development Cooperation (H),3,한예은,3,5,Not allowed for exchange students / 'IDC with Latin America' Micro-degree subject,0,1,IS3529,국제개발협력,0,0,0,0,1,3,2,2,0,0
53,IS4207-00,Topics in International Economy,4,전종규,3,5,,0,1,IS4207,국제경제,0,0,0,0,2,4,2,6,0,0
54,IS3504-00,Topics in International Relations I (H),3,임규택,3,5,GSP(Graduate) Integrated Classes / Not allowed for exchange students,0,1,IS3504,국제관계,0,0,0,0,1,3,2,6,0,0
55,IS4208-00,Topics in Microeconomics (H),4,오형나,3,5,Not allowed for exchange students,0,1,IS4208,국제경제,0,0,0,0,2,4,2,4,0,1
56,IS2507-00,Understanding International Development Cooperation,2,곽재성,3,5,GSP(Graduate) Integrated Classes / 'IDC with Latin America' Micro-degree subject,0,1,IS2507,국제개발협력,0,0,0,0,5,0,2,1,2,0
57,IS3109-00,Understanding International Law,3,백범석,3,5,,0,1,IS3109,국제관계,0,0,0,0,5,0,2,4,5,0
58,IS1001-00,Introduction to Economics I,1,주효연,3,11,신입생 일괄배정 Class designation for freshmen,0,1,IS1001,,0,0,1,0,2,4,2,2,0,1
59,IS1001-01,Introduction to Economics I,1,주효연,3,11,신입생 일괄배정 Class designation for freshmen,0,1,IS1001,,0,0,1,0,2,4,2,3,0,1
60,IS1001-02,Introduction to Economics I,1,이창수,3,11,신입생 일괄배정 Class designation for freshmen,0,1,IS1001,,0,0,1,0,2,4,2,4,0,1
61,IS1002-00,Introduction to Economics II,1,안지연,3,11,,0,1,IS1002,,0,0,1,0,2,4,2,3,0,1
62,IS1004-00,Introduction to International Relations,1,백종완,3,11,신입생 일괄배정 Class designation for freshmen,0,1,IS1004,,0,0,1,0,3,0,2,5,6,1
63,IS1004-01,Introduction to International Relations,1,양준희,3,11,신입생 일괄배정 Class designation for freshmen,0,1,IS1004,,0,0,1,0,2,4,2,6,0,1
64,IS1003-00,Introduction to Political Science,1,정진영,3,11,신입생 일괄배정 Class designation for freshmen,0,1,IS1003,,0,0,1,0,2,4,2,4,0,1
65,IS1003-01,Introduction to Political Science,1,정진영,3,11,신입생 일괄배정 Class designation for freshmen,0,1,IS1003,,0,0,1,0,2,4,2,5,0,1
1,GEC1403-G00,대학영어,1,신혜정,2,16,기초 [예체능계열학생만 수강 가능],0,0,GEC1403,,1,1,1,0,2,4,1,3,0,1
2,GEC1403-G01,대학영어,1,여승주,2,16,초급 [진단평가결과: ~ 33],0,0,GEC1403,,1,1,1,0,1,3,1,2,0,1
3,GEC1403-G02,대학영어,1,신혜정,2,16,초급 [진단평가결과: ~ 33],0,0,GEC1403,,1,1,1,0,2,4,1,2,0,1
4,GEC1403-G03,대학영어,1,이지혜,2,16,초급 [진단평가결과: ~ 33],0,0,GEC1403,,1,1,1,0,1,3,1,1,0,1
5,GEC1403-G04,대학영어,1,여승주,2,16,초급 [진단평가결과: ~ 33],0,0,GEC1403,,1,1,1,0,1,3,1,4,0,1
6,GEC1403-G05,대학영어,1,여승주,2,16,초급 [진단평가결과: ~ 33],0,0,GEC1403,,1,1,1,0,1,3,1,5,0,1
7,GEC1403-G06,대학영어,1,공지은,2,16,초급 [진단평가결과: ~ 33],0,0,GEC1403,,1,1,1,0,2,4,1,1,0,1
8,GEC1403-G07,대학영어,1,공지은,2,16,초급 [진단평가결과: ~ 33],0,0,GEC1403,,1,1,1,0,2,4,1,3,0,1
9,GEC1403-G08,대학영어,1,김성익,2,16,초급 [진단평가결과: ~ 33],0,0,GEC1403,,1,1,1,0,2,4,1,4,0,1
10,GEC1403-G09,대학영어,1,신혜정,2,16,초급 [진단평가결과: ~ 33],0,0,GEC1403,,1,1,1,0,2,4,1,5,0,1
11,GEC1403-G10,대학영어,1,Andrew James Stewart,2,16,초급 [진단평가결과: ~ 33],0,0,GEC1403,,1,1,1,0,2,4,1,6,0,1
12,GEC1403-G11,대학영어,1,Andrew James Stewart,2,16,초급 [진단평가결과: ~ 33],0,0,GEC1403,,1,1,1,0,5,0,1,1,2,1
13,GEC1403-G12,대학영어,1,Andrew James Stewart,2,16,초급 [진단평가결과: ~ 33],0,0,GEC1403,,1,1,1,0,5,0,1,3,4,1
14,GEC1403-G13,대학영어,1,Brian Daniel Arundel,2,16,중급 [진단평가결과: 34~56],0,0,GEC1403,,1,1,1,0,1,3,1,5,0,1
15,GEC1403-G14,대학영어,1,김성익,2,16,중급 [진단평가결과: 34~56],0,0,GEC1403,,1,1,1,0,2,4,1,6,0,1
16,GEC1403-G15,대학영어,1,이지혜,2,16,중급 [진단평가결과: 34~56],0,0,GEC1403,,1,1,1,0,1,3,1,2,0,1
17,GEC1403-G16,대학영어,1,박현주,2,16,중급 [진단평가결과: 34~56],0,0,GEC1403,,1,1,1,0,1,3,1,3,0,1
18,GEC1403-G17,대학영어,1,박현주,2,16,중급 [진단평가결과: 34~56],0,0,GEC1403,,1,1,1,0,1,3,1,4,0,1
19,GEC1403-G18,대학영어,1,Cynthia SohYoung Yoo,2,16,중급 [진단평가결과: 34~56],0,0,GEC1403,,1,1,1,0,1,3,1,6,0,1
20,GEC1403-G19,대학영어,1,이미선,2,16,중급 [진단평가결과: 34~56],0,0,GEC1403,,1,1,1,0,2,4,1,1,0,1
21,GEC1403-G20,대학영어,1,Brian Daniel Arundel,2,16,중급 [진단평가결과: 34~56],0,0,GEC1403,,1,1,1,0,2,4,1,2,0,1
22,GEC1403-G22,대학영어,1,이미선,2,16,중급 [진단평가결과: 34~56],0,0,GEC1403,,1,1,1,0,2,4,1,4,0,1
23,GEC1403-G23,대학영어,1,Brian Daniel Arundel,2,16,중급 [진단평가결과: 34~56],0,0,GEC1403,,1,1,1,0,2,4,1,5,0,1
24,GEC1403-G24,대학영어,1,정지수,2,16,중급 [진단평가결과: 34~56],0,0,GEC1403,,1,1,1,0,5,0,1,1,2,1
25,GEC1403-G25,대학영어,1,정지수,2,16,중급 [진단평가결과: 34~56],0,0,GEC1403,,1,1,1,0,5,0,1,3,4,1
26,GEC1403-G26,대학영어,1,Cynthia SohYoung Yoo,2,16,고급 [진단평가결과: 57~80],0,0,GEC1403,,1,1,1,0,1,3,1,3,0,1
27,GEC1403-G27,대학영어,1,Andrew James Stewart,2,16,고급 [진단평가결과: 57~80],0,0,GEC1403,,1,1,1,0,5,0,1,5,6,1
28,GEC1403-G28,대학영어,1,Cynthia SohYoung Yoo,2,16,유학생반,0,0,GEC1403,,1,1,1,0,1,3,1,4,0,1
29,GEC1403-G29,대학영어,1,Cynthia SohYoung Yoo,2,16,체육부전용강좌,0,0,GEC1403,,1,1,1,0,3,0,1,7,8,1
30,GEC1403-G30,대학영어,1,여승주,2,16,체육부전용강좌,0,0,GEC1403,,1,1,1,0,3,0,1,7,8,1
1,GEC1105-G00,성찰과표현,1,최윤희,3,16,1학년우선수강강좌,0,0,GEC1105,,1,1,1,0,1,3,1,1,0,1
2,GEC1105-G01,성찰과표현,1,김기섭,3,16,체육부전용강좌,0,0,GEC1105,,1,1,1,0,1,3,1,1,0,1
3,GEC1105-G02,성찰과표현,1,박지용,3,16,1학년우선수강강좌,0,0,GEC1105,,1,1,1,0,1,3,1,1,0,1
4,GEC1105-G03,성찰과표현,1,김광섭,3,16,1학년우선수강강좌,0,0,GEC1105,,1,1,1,0,1,3,1,1,0,1
5,GEC1105-G04,성찰과표현,1,최승희,3,16,,0,0,GEC1105,,1,1,1,0,1,3,1,1,0,1
6,GEC1105-G05,성찰과표현,1,유재명,3,16,1학년우선수강강좌,0,0,GEC1105,,1,1,1,0,1,3,1,2,0,1
7,GEC1105-G06,성찰과표현,1,김광섭,3,16,1학년우선수강강좌,0,0,GEC1105,,1,1,1,0,1,3,1,2,0,1
8,GEC1105-G07,성찰과표현,1,최면정,3,16,1학년우선수강강좌,0,0,GEC1105,,1,1,1,0,1,3,1,2,0,1
9,GEC1105-G08,성찰과표현,1,최승희,3,16,1학년우선수강강좌,0,0,GEC1105,,1,1,1,0,1,3,1,2,0,1
10,GEC1105-G09,성찰과표현,1,Cynthia SohYoung Yoo,3,16,전체영어강의,0,0,GEC1105,,1,1,1,0,1,3,1,2,0,1
11,GEC1105-G10,성찰과표현,1,박주은,3,16,1학년우선수강강좌,0,0,GEC1105,,1,1,1,0,1,3,1,3,0,1
12,GEC1105-G11,성찰과표현,1,이우현,3,16,1학년우선수강강좌,0,0,GEC1105,,1,1,1,0,1,3,1,3,0,1
13,GEC1105-G12,성찰과표현,1,최면정,3,16,,0,0,GEC1105,,1,1,1,0,1,3,1,3,0,1
14,GEC1105-G13,성찰과표현,1,한유희,3,16,1학년우선수강강좌,0,0,GEC1105,,1,1,1,0,1,3,1,3,0,1
15,GEC1105-G14,성찰과표현,1,홍비연,3,16,1학년우선수강강좌,0,0,GEC1105,,1,1,1,0,1,3,1,3,0,1
16,GEC1105-G15,성찰과표현,1,최윤희,3,16,,0,0,GEC1105,,1,1,1,0,1,3,1,4,0,1
17,GEC1105-G16,성찰과표현,1,박주은,3,16,1학년우선수강강좌,0,0,GEC1105,,1,1,1,0,1,3,1,4,0,1
18,GEC1105-G17,성찰과표현,1,이우현,3,16,1학년우선수강강좌,0,0,GEC1105,,1,1,1,0,1,3,1,4,0,1
19,GEC1105-G18,성찰과표현,1,한유희,3,16,1학년우선수강강좌,0,0,GEC1105,,1,1,1,0,1,3,1,4,0,1
20,GEC1105-G19,성찰과표현,1,홍비연,3,16,1학년우선수강강좌,0,0,GEC1105,,1,1,1,0,1,3,1,4,0,1
21,GEC1105-G20,성찰과표현,1,박경희,3,16,1학년우선수강강좌,0,0,GEC1105,,1,1,1,0,1,3,1,5,0,1
22,GEC1105-G21,성찰과표현,1,박지혜,3,16,1학년우선수강강좌,0,0,GEC1105,,1,1,1,0,1,3,1,5,0,1
23,GEC1105-G22,성찰과표현,1,박경희,3,16,1학년우선수강강좌,0,0,GEC1105,,1,1,1,0,1,3,1,6,0,1
24,GEC1105-G23,성찰과표현,1,박지혜,3,16,,0,0,GEC1105,,1,1,1,0,1,3,1,6,0,1
25,GEC1105-G24,성찰과표현,1,백지윤,3,16,유학생전용강좌,0,0,GEC1105,,1,1,1,0,1,3,1,6,0,1
26,GEC1105-G25,성찰과표현,1,김정은,3,16,1학년우선수강강좌,0,0,GEC1105,,1,1,1,0,1,3,1,1,0,1
27,GEC1105-G26,성찰과표현,1,조명숙,3,16,1학년우선수강강좌,0,0,GEC1105,,1,1,1,0,2,4,1,1,0,1
28,GEC1105-G27,성찰과표현,1,유재명,3,16,,0,0,GEC1105,,1,1,1,0,2,4,1,2,0,1
29,GEC1105-G28,성찰과표현,1,김정은,3,16,1학년우선수강강좌,0,0,GEC1105,,1,1,1,0,1,3,1,2,0,1
30,GEC1105-G29,성찰과표현,1,조명숙,3,16,1학년우선수강강좌,0,0,GEC1105,,1,1,1,0,2,4,1,2,0,1
31,GEC1105-G30,성찰과표현,1,조은영,3,16,1학년우선수강강좌,0,0,GEC1105,,1,1,1,0,2,4,1,3,0,1
32,GEC1105-G31,성찰과표현,1,김미선,3,16,1학년우선수강강좌,0,0,GEC1105,,1,1,1,0,2,4,1,3,0,1
33,GEC1105-G32,성찰과표현,1,이윤주,3,16,1학년우선수강강좌,0,0,GEC1105,,1,1,1,0,2,4,1,3,0,1
34,GEC1105-G33,성찰과표현,1,장성희,3,16,유학생전용강좌,0,0,GEC1105,,1,1,1,0,2,4,1,3,0,1
35,GEC1105-G34,성찰과표현,1,김미선,3,16,1학년우선수강강좌,0,0,GEC1105,,1,1,1,0,2,4,1,4,0,1
36,GEC1105-G35,성찰과표현,1,이윤주,3,16,1학년우선수강강좌,0,0,GEC1105,,1,1,1,0,2,4,1,4,0,1
37,GEC1105-G36,성찰과표현,1,엄상희,3,16,,0,0,GEC1105,,1,1,1,0,2,4,1,4,0,1
38,GEC1105-G37,성찰과표현,1,오태호,3,16,1학년우선수강강좌,0,0,GEC1105,,1,1,1,0,2,4,1,5,0,1
39,GEC1105-G38,성찰과표현,1,조운아,3,16,1학년우선수강강좌,0,0,GEC1105,,1,1,1,0,2,4,1,5,0,1
40,GEC1105-G39,성찰과표현,1,지여정,3,16,유학생전용강좌,0,0,GEC1105,,1,1,1,0,2,4,1,5,0,1
41,GEC1105-G40,성찰과표현,1,오태호,3,16,,0,0,GEC1105,,1,1,1,0,2,4,1,6,0,1
42,GEC1105-G41,성찰과표현,1,조운아,3,16,1학년우선수강강좌,0,0,GEC1105,,1,1,1,0,2,4,1,6,0,1
43,GEC1105-G42,성찰과표현,1,지여정,3,16,1학년우선수강강좌,0,0,GEC1105,,1,1,1,0,2,4,1,6,0,1
44,GEC1105-G43,성찰과표현,1,고유림,3,16,1학년우선수강강좌,0,0,GEC1105,,1,1,1,0,5,0,1,1,2,1
45,GEC1105-G44,성찰과표현,1,이은봉,3,16,1학년우선수강강좌,0,0,GEC1105,,1,1,1,0,5,0,1,1,2,1
46,GEC1105-G45,성찰과표현,1,최수진,3,16,,0,0,GEC1105,,1,1,1,0,5,0,1,1,2,1
47,GEC1105-G46,성찰과표현,1,이승아,3,16,1학년우선수강강좌,0,0,GEC1105,,1,1,1,0,5,0,1,3,4,1
48,GEC1105-G47,성찰과표현,1,이은봉,3,16,1학년우선수강강좌,0,0,GEC1105,,1,1,1,0,5,0,1,3,4,1
49,GEC1105-G48,성찰과표현,1,최수진,3,16,,0,0,GEC1105,,1,1,1,0,5,0,1,3,4,1
50,GEC1105-G49,성찰과표현,1,이승아,3,16,1학년우선수강강좌,0,0,GEC1105,,1,1,1,0,5,0,1,5,6,1
51,GEC2001-G01,주제연구,2,이은선,3,16,선수과목:성찰과표현,0,0,GEC2001,,1,1,1,0,1,3,1,1,0,1
52,GEC2001-G02,주제연구,2,김기섭,3,16,체육부전용강좌/선수과목: 성찰과표현,0,0,GEC2001,,1,1,1,0,1,3,1,2,0,1
53,GEC2001-G03,주제연구,2,박지용,3,16,선수과목:성찰과표현,0,0,GEC2001,,1,1,1,0,1,3,1,2,0,1
54,GEC2001-G04,주제연구,2,이은선,3,16,선수과목:성찰과표현,0,0,GEC2001,,1,1,1,0,1,3,1,2,0,1
55,GEC2001-G05,주제연구,2,김기섭,3,16,체육부전용강좌/선수과목: 성찰과표현,0,0,GEC2001,,1,1,1,0,1,3,1,3,0,1
56,GEC2001-G06,주제연구,2,박지용,3,16,선수과목:성찰과표현,0,0,GEC2001,,1,1,1,0,1,3,1,3,0,1
57,GEC2001-G07,주제연구,2,강호정,3,16,선수과목:성찰과표현,0,0,GEC2001,,1,1,1,0,1,3,1,3,0,1
58,GEC2001-G08,주제연구,2,박상란,3,16,선수과목:성찰과표현,0,0,GEC2001,,1,1,1,0,1,3,1,3,0,1
59,GEC2001-G09,주제연구,2,강호정,3,16,선수과목:성찰과표현,0,0,GEC2001,,1,1,1,0,1,3,1,4,0,1
60,GEC2001-G10,주제연구,2,김민정,3,16,선수과목:성찰과표현,0,0,GEC2001,,1,1,1,0,1,3,1,4,0,1
61,GEC2001-G11,주제연구,2,박상란,3,16,선수과목:성찰과표현,0,0,GEC2001,,1,1,1,0,1,3,1,4,0,1
62,GEC2001-G12,주제연구,2,김민정,3,16,선수과목:성찰과표현,0,0,GEC2001,,1,1,1,0,1,3,1,5,0,1
63,GEC2001-G13,주제연구,2,백지윤,3,16,"유학생전용강좌, 선수과목: 성찰과표현",0,0,GEC2001,,1,1,1,0,1,3,1,5,0,1
64,GEC2001-G14,주제연구,2,오태호,3,16,선수과목:성찰과표현,0,0,GEC2001,,1,1,1,0,2,4,1,1,0,1
65,GEC2001-G15,주제연구,2,진은진,3,16,선수과목:성찰과표현,0,0,GEC2001,,1,1,1,0,2,4,1,1,0,1
66,GEC2001-G16,주제연구,2,이은영,3,16,선수과목:성찰과표현,0,0,GEC2001,,1,1,1,0,2,4,1,1,0,1
67,GEC2001-G17,주제연구,2,오태호,3,16,선수과목:성찰과표현,0,0,GEC2001,,1,1,1,0,2,4,1,2,0,1
68,GEC2001-G18,주제연구,2,진은진,3,16,선수과목:성찰과표현,0,0,GEC2001,,1,1,1,0,2,4,1,2,0,1
69,GEC2001-G19,주제연구,2,오세정,3,16,선수과목:성찰과표현,0,0,GEC2001,,1,1,1,0,2,4,1,2,0,1
70,GEC2001-G20,주제연구,2,이은영,3,16,선수과목:성찰과표현,0,0,GEC2001,,1,1,1,0,2,4,1,2,0,1
71,GEC2001-G21,주제연구,2,예철해,3,16,선수과목:성찰과표현,0,0,GEC2001,,1,1,1,0,2,4,1,3,0,1
72,GEC2001-G22,주제연구,2,오세정,3,16,선수과목:성찰과표현,0,0,GEC2001,,1,1,1,0,2,4,1,3,0,1
73,GEC2001-G23,주제연구,2,엄상희,3,16,선수과목:성찰과표현,0,0,GEC2001,,1,1,1,0,2,4,1,3,0,1
74,GEC2001-G24,주제연구,2,예철해,3,16,선수과목:성찰과표현,0,0,GEC2001,,1,1,1,0,2,4,1,4,0,1
75,GEC2001-G25,주제연구,2,조은영,3,16,선수과목:성찰과표현,0,0,GEC2001,,1,1,1,0,2,4,1,4,0,1
76,GEC2001-G26,주제연구,2,장성희,3,16,유학생전용강좌/선수과목: 성찰과표현,0,0,GEC2001,,1,1,1,0,2,4,1,4,0,1
77,GEC2001-G27,주제연구,2,예철해,3,16,선수과목:성찰과표현,0,0,GEC2001,,1,1,1,0,2,4,1,5,0,1
78,GEC2001-G28,주제연구,2,진은진,3,16,선수과목:성찰과표현,0,0,GEC2001,,1,1,1,0,2,4,1,5,0,1
79,GEC2001-G29,주제연구,2,오세정,3,16,선수과목:성찰과표현,0,0,GEC2001,,1,1,1,0,2,4,1,5,0,1
80,GEC2001-G30,주제연구,2,조은영,3,16,선수과목:성찰과표현,0,0,GEC2001,,1,1,1,0,2,4,1,5,0,1
81,GEC2001-G31,주제연구,2,이효윤,3,16,선수과목:성찰과표현,0,0,GEC2001,,1,1,1,0,2,4,1,5,0,1
82,GEC2001-G32,주제연구,2,예철해,3,16,선수과목:성찰과표현,0,0,GEC2001,,1,1,1,0,2,4,1,6,0,1
83,GEC2001-G33,주제연구,2,진은진,3,16,선수과목:성찰과표현,0,0,GEC2001,,1,1,1,0,2,4,1,6,0,1
84,GEC2001-G35,주제연구,2,이효윤,3,16,선수과목:성찰과표현,0,0,GEC2001,,1,1,1,0,2,4,1,6,0,1
85,GEC2001-G37,주제연구,2,전성희,3,16,선수과목:성찰과표현,0,0,GEC2001,,1,1,1,0,5,0,1,1,2,1
86,GEC2001-G38,주제연구,2,진은경,3,16,선수과목:성찰과표현,0,0,GEC2001,,1,1,1,0,5,0,1,1,2,1
87,GEC2001-G39,주제연구,2,고유림,3,16,"유학생전용강좌,선수과목: 성찰과표현",0,0,GEC2001,,1,1,1,0,5,0,1,3,4,1
88,GEC2001-G40,주제연구,2,박다솜,3,16,선수과목:성찰과표현,0,0,GEC2001,,1,1,1,0,5,0,1,3,4,1
89,GEC2001-G41,주제연구,2,전성희,3,16,선수과목:성찰과표현,0,0,GEC2001,,1,1,1,0,5,0,1,3,4,1
90,GEC2001-G42,주제연구,2,진은경,3,16,선수과목:성찰과표현,0,0,GEC2001,,1,1,1,0,5,0,1,3,4,1
91,GEC2001-G43,주제연구,2,박다솜,3,16,선수과목:성찰과표현,0,0,GEC2001,,1,1,1,0,5,0,1,5,6,1
1,GEC0103-G01,빅뱅에서문명까지,1,최석호,3,14,,0,0,GEC0103,,1,1,1,0,1,3,1,1,0,1
2,GEC0103-G02,빅뱅에서문명까지,1,이상원,3,14,팀티칭/대표교수 이상원,0,0,GEC0103,,1,1,1,0,1,3,1,1,0,1
3,GEC0103-G02,빅뱅에서문명까지,1,이영식,3,14,팀티칭/대표교수 이상원,0,0,GEC0103,,1,1,1,0,1,3,1,1,0,1
4,GEC0103-G03,빅뱅에서문명까지,1,김광표,3,14,,0,0,GEC0103,,1,1,1,0,1,3,1,3,0,1
5,GEC0103-G04,빅뱅에서문명까지,1,최석호,3,14,,0,0,GEC0103,,1,1,1,0,1,3,1,5,0,1
6,GEC0103-G05,빅뱅에서문명까지,1,박지호,3,14,,0,0,GEC0103,,1,1,1,0,1,3,1,6,0,1
7,GEC0103-G06,빅뱅에서문명까지,1,이상원,3,14,팀티칭강좌,0,0,GEC0103,,1,1,1,0,2,4,1,2,0,1
8,GEC0103-G06,빅뱅에서문명까지,1,이영식,3,14,팀티칭강좌,0,0,GEC0103,,1,1,1,0,2,4,1,2,0,1
9,GEC0103-G07,빅뱅에서문명까지,1,박명진,3,14,체육부전용강좌,0,0,GEC0103,,1,1,1,0,2,4,1,2,0,1
10,GEC0103-G08,빅뱅에서문명까지,1,황은주,3,14,,0,0,GEC0103,,1,1,1,0,2,4,1,3,0,1
11,GEC0103-G10,빅뱅에서문명까지,1,강희,3,14,,0,0,GEC0103,,1,1,1,0,2,4,1,2,0,1
12,GEC0103-G11,빅뱅에서문명까지,1,김성,3,14,,0,0,GEC0103,,1,1,1,0,2,4,1,5,0,1
13,GEC0103-G12,빅뱅에서문명까지,1,맹성호,3,14,영어강의,0,0,GEC0103,,1,1,1,0,5,0,1,3,4,1
2,AMTH4012-00,졸업논문(응용수학과),4,김경수,0,4,,1,0,AMTH4012,,0,0,1,1,0,0,0,0,0,0
1,IS4001-00,Graduation Thesis(International Studies),4,주효연,0,4,졸업시험 응시자 반드시 수강신청/Mandatory for Graduation Exam Candidates,0,1,IS4001,,0,0,1,1,0,0,0,0,0,0
1,GED11015-G00,만성질병과건강관리,1,김지혜,3,15,,0,0,GED11015,생명우주인간,1,1,0,0,1,3,1,4,0,0
2,GED1104-G00,몸과생명,1,홍정우,3,15,,0,0,GED1104,생명우주인간,1,1,0,0,5,0,1,3,4,0
3,GED1105-G00,몸의발견,1,홍정우,3,15,[2023 후마 우수강의],0,0,GED1105,생명우주인간,1,1,0,0,2,4,1,3,0,0
4,GED1208-G00,불편한진실:기후변화,1,이준호,3,15,,0,0,GED1208,생명우주인간,1,1,0,0,5,0,1,1,2,0
5,GED1106-G00,"생명,영원한블루오션",1,이찬희,3,15,생명과학대학 수강신청 제한,0,0,GED1106,생명우주인간,1,1,0,0,1,3,1,3,0,0
6,GED1544-G00,생명의언어,1,홍정우,3,15,,0,0,GED1544,생명우주인간,1,1,0,0,1,3,1,3,0,0
7,GED1990-G00,숨겨진패턴,1,배재형,3,15,,0,0,GED1990,생명우주인간,1,1,0,0,1,3,1,1,0,0
8,GED11022-G00,숲과생활,1,나희진,3,15,,0,0,GED11022,생명우주인간,1,1,0,0,3,0,1,2,3,0
9,GED1240-G00,우주:별을잊은그대에게,1,장민환,3,15,,0,0,GED1240,생명우주인간,1,1,0,0,1,3,1,2,0,0
10,GED1240-G01,우주:별을잊은그대에게,1,장민환,3,15,유학생전용강좌,0,0,GED1240,생명우주인간,1,1,0,0,1,3,1,4,0,0
11,GED1215-G00,원자의춤,1,이영식,3,15,,0,0,GED1215,생명우주인간,1,1,0,0,1,3,1,3,0,0
12,GED1360-G00,인간행동의이해:심리학,1,박정연,3,15,,0,0,GED1360,생명우주인간,1,1,0,0,2,0,1,3,4,0
13,GED1123-G00,인체와생명,1,강희,3,15,스포츠의학과 수강신청 제한,0,0,GED1123,생명우주인간,1,1,0,0,2,4,1,5,0,0
16,GED11027-G00,폭력의진화:통섭적관점,1,우상권,3,15,,0,0,GED11027,생명우주인간,1,1,0,0,5,0,1,1,2,0
17,GED11027-G01,폭력의진화:통섭적관점,1,우상권,3,15,영어강의,0,0,GED11027,생명우주인간,1,1,0,0,5,0,1,4,5,0
18,GED1235-G00,하천문화의이해와르네상스,1,김정수,3,15,,0,0,GED1235,생명우주인간,1,1,0,0,1,3,1,2,0,0
1,GED1202-G00,고양이의물리학:자연계의숨은법칙,1,김성,3,15,,0,0,GED1202,분석추론논리,1,1,0,0,1,3,1,2,0,0
2,GED1202-G01,고양이의물리학:자연계의숨은법칙,1,손종역,3,15,영어강의,0,0,GED1202,분석추론논리,1,1,0,0,2,4,1,4,0,0
3,GED1466-G00,기술혁신과전략의융합,1,김명섭,3,15,,0,0,GED1466,분석추론논리,1,1,0,0,2,4,1,3,0,0
4,GED1540-G00,기초 미분적분학,1,최진혁,3,15,,0,0,GED1540,분석추론논리,1,1,0,0,1,3,1,4,0,0
5,GED1540-G01,기초 미분적분학,1,최진혁,3,15,유학생전용강좌,0,0,GED1540,분석추론논리,1,1,0,0,2,4,1,4,0,0
6,GED11106-G00,설득의기술,1,이예림,3,15,2023 NEW 배분이수창작공모전 수상,0,0,GED11106,분석추론논리,1,1,0,0,5,0,1,3,4,0
7,GED11012-G00,세상속의수학,1,김경수,3,15,,0,0,GED11012,분석추론논리,1,1,0,0,2,4,1,5,0,0
8,GED1543-G00,수학과세상,1,최진혁,3,15,,0,0,GED1543,분석추론논리,1,1,0,0,2,4,1,1,0,0
9,GED1543-G01,수학과세상,1,최진혁,3,15,유학생전용강좌,0,0,GED1543,분석추론논리,1,1,0,0,2,4,1,2,0,0
10,GED11105-G00,이성의함정:마음은항상합리적인가,1,홍석성,3,15,,0,0,GED11105,분석추론논리,1,1,0,0,2,4,1,4,0,0
11,GED1248-G00,큰맥락에서사고하기:시스템다이나믹스,1,박명진,3,15,,0,0,GED1248,분석추론논리,1,1,0,0,2,4,1,4,0,0
12,GED1223-G00,특허와지적재산권,1,공경식,3,15,[2022 후마 우수강의],0,0,GED1223,분석추론논리,1,1,0,0,2,4,1,5,0,0
1,GED11017-G00,"Exploring Industry, Ideology, and Identity through the Marvel Cinematic Universe",1,Brian Daniel Arundel,3,15,영어강의,0,0,GED11017,상징문화소통,1,1,0,0,2,4,1,1,0,0
2,GED11018-G00,Greek Mythology and Creative Writing,1,이미선,3,15,,0,0,GED11018,상징문화소통,1,1,0,0,2,4,1,5,0,0
3,GED1301-G00,가면의축제:동서양연희의문명사,1,김동언,3,15,,0,0,GED1301,상징문화소통,1,1,0,0,1,3,1,5,0,0
4,GED1353-G00,고전과여성,1,유재명,3,15,,0,0,GED1353,상징문화소통,1,1,0,0,2,4,1,4,0,0
5,GED1801-G00,고전읽기:그리스비극,1,최재구,3,15,,0,0,GED1801,상징문화소통,1,1,0,0,1,3,1,4,0,0
6,GED1802-G00,고전읽기:김수영,1,이선이,3,15,,0,0,GED1802,상징문화소통,1,1,0,0,2,4,1,5,0,0
7,GED1819-G00,고전읽기:프로이트,1,민승기,3,15,,0,0,GED1819,상징문화소통,1,1,0,0,5,0,1,1,2,0
8,GED1820-G00,고전읽기:황순원,1,오태호,3,15,,0,0,GED1820,상징문화소통,1,1,0,0,5,0,1,1,2,0
9,GED1603-G00,국화와칼:만들어진일본의전통,1,김석희,3,15,[2023 후마 우수강의],0,0,GED1603,상징문화소통,1,1,0,0,2,4,1,3,0,0
10,GED1664-G00,그리스신화와철학,1,김태경,3,15,,0,0,GED1664,상징문화소통,1,1,0,0,1,3,1,1,0,0
11,GED1996-G00,그림속의인문학,1,김소희,3,15,,0,0,GED1996,상징문화소통,1,1,0,0,2,0,1,3,4,0
12,GED11026-G00,근대의시선과공간:뮤지엄과엑스포,1,최석영,3,15,[2023 후마 우수강의],0,0,GED11026,상징문화소통,1,1,0,0,1,3,1,5,0,0
14,GED1861-G00,글로벌라틴아메리카,1,송영복,3,15,,0,0,GED1861,상징문화소통,1,1,0,0,2,4,1,3,0,0
15,GED1862-G00,라틴아메리카문학과예술,1,황수현,3,15,,0,0,GED1862,상징문화소통,1,1,0,0,5,0,1,3,4,0
16,GED1994-G00,라틴어와서구문명,1,김태경,3,15,,0,0,GED1994,상징문화소통,1,1,0,0,1,3,1,2,0,0
17,GED1358-G00,명작에취하다:예술 감상법,1,김부용,3,15,,0,0,GED1358,상징문화소통,1,1,0,0,3,0,1,3,4,0
19,GED1650-G00,삼국지인문학,1,민관동,3,15,,0,0,GED1650,상징문화소통,1,1,0,0,1,3,1,2,0,0
20,GED1865-G00,수사학과영작문,1,박현주,3,15,,0,0,GED1865,상징문화소통,1,1,0,0,1,3,1,1,0,0
21,GED1868-G00,언어와문학의이해,1,이혜란,3,15,,0,0,GED1868,상징문화소통,1,1,0,0,1,3,1,2,0,0
23,GED1657-G00,여행을통한인간의삶의가치증진,1,윤병국,3,15,,0,0,GED1657,상징문화소통,1,1,0,0,2,0,1,5,6,0
24,GED1656-G00,영화로보는스포츠문화,1,이선희,3,15,체육부전용강좌,0,0,GED1656,상징문화소통,1,1,0,0,2,0,1,7,8,0
25,GED1349-G00,영화와문학,1,김활란,3,15,,0,0,GED1349,상징문화소통,1,1,0,0,1,3,1,3,0,0
26,GED1940-G00,예술치료의원리와실제,1,신수정,3,15,,0,0,GED1940,상징문화소통,1,1,0,0,4,0,1,1,2,0
27,GED1324-G00,의미의탄생:언어,1,이혜란,3,15,,0,0,GED1324,상징문화소통,1,1,0,0,1,3,1,4,0,0
29,GED1739-G00,지구화시대의미학극장,1,이은정,3,15,,0,0,GED1739,상징문화소통,1,1,0,0,1,3,1,3,0,0
30,GED1951-G00,패션디자인의세계,1,이윤진,3,15,,0,0,GED1951,상징문화소통,1,1,0,0,4,0,1,5,6,0
31,GED1873-G00,하이쿠의세계,1,김활란,3,15,,0,0,GED1873,상징문화소통,1,1,0,0,1,3,1,2,0,0
32,GED11024-G00,한국고전문학과영상,1,최윤희,3,15,,0,0,GED11024,상징문화소통,1,1,0,0,1,3,1,5,0,0
1,GED1501-G00,On Justice,1,홍기준,3,15,영어강의,0,0,GED1501,사회공동체평화,1,1,0,0,3,0,1,5,6,0
2,GED1405-G00,경제학적사유의원리,1,함선미,3,15,,0,0,GED1405,사회공동체평화,1,1,0,0,2,0,1,2,3,0
3,GED1860-G00,국가폭력과트라우마,1,임형진,3,15,,0,0,GED1860,사회공동체평화,1,1,0,0,1,3,1,1,0,0
4,GED1468-G00,대학생을위한실용금융,1,윤병조,3,15,,0,0,GED1468,사회공동체평화,1,1,0,0,4,0,1,5,6,0
5,GED11009-G00,도덕의과학,1,전중환,3,15,,0,0,GED11009,사회공동체평화,1,1,0,0,5,0,1,1,2,0
6,GED1508-G00,동아시아문명론,1,홍영미,3,15,,0,0,GED1508,사회공동체평화,1,1,0,0,2,4,1,2,0,0
7,GED1509-G00,동아시아의서양문명수용론,1,이준태,3,15,,0,0,GED1509,사회공동체평화,1,1,0,0,2,4,1,1,0,0
8,GED1511-G00,두얼굴의인류사:전쟁과평화,1,유재명,3,15,,0,0,GED1511,사회공동체평화,1,1,0,0,1,3,1,4,0,0
9,GED1454-G00,디아스포라,1,윤희진,3,15,,0,0,GED1454,사회공동체평화,1,1,0,0,3,0,1,5,6,0
10,GED11011-G00,마음챙김과비폭력대화,1,정재원,3,15,[2023 후마 우수강의],0,0,GED11011,사회공동체평화,1,1,0,0,5,0,1,3,4,0
11,GED1736-G00,만화로세상보기,1,김종옥,3,15,,0,0,GED1736,사회공동체평화,1,1,0,0,1,0,1,5,6,0
12,GED11019-G00,문명패러다임의혁명:서구근대화과정의현재적이해,1,이은정,3,15,[2019학번 이전]우리가사는세계 대체과목,0,0,GED11019,사회공동체평화,1,1,0,0,1,3,1,4,0,0
13,GED1609-G00,문화유산과역사지리,1,최석영,3,15,,0,0,GED1609,사회공동체평화,1,1,0,0,1,3,1,4,0,0
14,GED1419-G00,"법,질서,국가",1,김명수,3,15,,0,0,GED1419,사회공동체평화,1,1,0,0,5,0,1,3,4,0
15,GED1419-G01,"법,질서,국가",1,Brian Daniel Arundel,3,15,외국어강좌,0,0,GED1419,사회공동체평화,1,1,0,0,2,4,1,4,0,0
16,GED1615-G00,설탕과소금:사소한것들의역사,1,홍영미,3,15,,0,0,GED1615,사회공동체평화,1,1,0,0,2,4,1,1,0,0
17,GED11031-G00,세계속한국의생존과파워,1,주재우,3,15,,0,0,GED11031,사회공동체평화,1,1,0,0,1,3,1,1,0,0
18,GED1663-G00,시민생활과법,1,김명수,3,15,,0,0,GED1663,사회공동체평화,1,1,0,0,5,0,1,5,6,0
19,GED1665-G00,영화로읽는도시인문학:환동해도시와문화지리,1,신진숙,3,15,,0,0,GED1665,사회공동체평화,1,1,0,0,2,4,1,6,0,0
20,GED1432-G00,예술을통한공동체만들기,1,김동언,3,15,,0,0,GED1432,사회공동체평화,1,1,0,0,1,3,1,4,0,0
21,GED1435-G00,정치학적사유의원리,1,임형진,3,15,[2023 후마 우수강의],0,0,GED1435,사회공동체평화,1,1,0,0,1,3,1,2,0,0
22,GED11020-G00,청춘을위한영화예찬,1,이대범,3,15,,0,0,GED11020,사회공동체평화,1,1,0,0,3,0,1,1,2,0
23,GED1528-G00,평화와갈등,1,주재우,3,15,,0,0,GED1528,사회공동체평화,1,1,0,0,1,3,1,2,0,0
24,GED1440-G00,행복이란무엇인가,1,박대진,3,15,,0,0,GED1440,사회공동체평화,1,1,0,0,5,0,1,3,4,0
1,IPE108-00,4차산업의이해와IOT기술 활용과분석,1,김명섭,3,15,,0,0,IPE108,지능정보미래,1,1,0,0,2,4,1,4,0,0
2,GED1502-G00,SF영화의상상력:미래의평화와윤리,1,이영민,3,15,,0,0,GED1502,지능정보미래,1,1,0,0,2,4,1,5,0,0
3,GED11043-G00,모두를위한인공지능과윤리적실제,1,이명호,3,15,,0,0,GED11043,지능정보미래,1,1,0,0,2,0,1,4,5,0
4,GED11042-G00,"미래,기술,경영",1,이근필,3,15,,0,0,GED11042,지능정보미래,1,1,0,0,3,0,1,3,4,0
5,GED1727-G00,미래사회와도시계획,1,한상연,3,15,,0,0,GED1727,지능정보미래,1,1,0,0,4,0,1,5,6,0
6,GED1721-G00,빅데이터와스포츠산업,1,이재문,3,15,체육부전용강좌,0,0,GED1721,지능정보미래,1,1,0,0,5,0,1,1,2,0
7,GED1108-G00,생명과학의미래,1,백광희,3,15,,0,0,GED1108,지능정보미래,1,1,0,0,1,3,1,4,0,0
8,GED1217-G00,인간과생활속의로봇,1,이승관,3,15,유학생전용강좌/전계열학생 재수강 가능,0,0,GED1217,지능정보미래,1,1,0,0,2,4,1,1,0,0
9,GED1217-G01,인간과생활속의로봇,1,이승관,3,15,,0,0,GED1217,지능정보미래,1,1,0,0,2,4,1,2,0,0
10,GED1537-G00,프로그래밍입문,1,이승관,3,15,"[소프트웨어융합대학, 전자공학과 학생은 수강신청 제한], 배분이수 분석추론논리의 '프로그래밍을통한논리적사유연습', 자유이수의 '소프트웨어개발자를위한C프로그래밍'을 이수하거나 수강 신청한 학생은 수강신청 제한",0,0,GED1537,지능정보미래,1,1,0,0,1,3,1,1,0,0
14,GED1992-G00,전기와자기의만남,1,박명진,3,15,온라인강좌,0,0,GED1992,생명우주인간,1,1,0,1,0,0,0,0,0,0
15,GED1119-G00,진화와인간본성,1,전중환,3,15,온라인강좌,0,0,GED1119,생명우주인간,1,1,0,1,0,0,0,0,0,0
13,GED11021-G00,"글,그림그리고문화콘텐츠",1,최윤희,3,15,온라인강좌,0,0,GED11021,상징문화소통,1,1,0,1,0,0,0,0,0,0
18,GED1337-G00,불교와정신분석학,1,신은희,3,15,온라인강좌,0,0,GED1337,상징문화소통,1,1,0,1,0,0,0,0,0,0
22,GED1868-G01,언어와문학의이해,1,이혜란,3,15,"온라인강좌, 유학생전용강좌",0,0,GED1868,상징문화소통,1,1,0,1,0,0,0,0,0,0
28,GED1325-G00,인문학과문화콘텐츠,1,김기국,3,15,온라인강좌,0,0,GED1325,상징문화소통,1,1,0,1,0,0,0,0,0,1
25,GED1628-G00,황하와장강:중국역사의발자취,1,이준태,3,15,"[2022 후마 우수강의]온라인강좌, 유학생전용강좌",0,0,GED1628,사회공동체평화,1,1,0,1,0,0,0,0,0,0
